{
  "IcoMoonType": "selection",
  "icons": [
    {
      "icon": {
        "paths": [
          "M896 682l-342-106v234l86 64v64l-150-42-148 42v-64l84-64v-234l-340 106v-84l340-214v-234q0-26 19-45t45-19 45 19 19 45v234l342 214v84z"
        ],
        "attrs": [],
        "isMulticolor": false,
        "isMulticolor2": false,
        "tags": [
          "airplanemode_on",
          "flight",
          "local_airport"
        ],
        "grid": 24
      },
      "attrs": [],
      "properties": {
        "ligatures": "airplanemode_on, flight, local_airport",
        "id": 202,
        "order": 42,
        "prevSize": 24,
        "name": "airplanemode_on"
      },
      "setIdx": 0,
      "setId": 5,
      "iconIdx": 202
    },
    {
      "icon": {
        "paths": [
          "M564 470q34 0 59-26t25-60-25-60-59-26h-138v172h138zM554 128q106 0 181 75t75 181-75 181-181 75h-128v256h-170v-768h298z"
        ],
        "attrs": [],
        "isMulticolor": false,
        "isMulticolor2": false,
        "tags": [
          "local_parking"
        ],
        "grid": 24
      },
      "attrs": [],
      "properties": {
        "ligatures": "local_parking",
        "id": 549,
        "order": 36,
        "prevSize": 24,
        "name": "local_parking"
      },
      "setIdx": 0,
      "setId": 5,
      "iconIdx": 549
    },
    {
      "icon": {
        "paths": [
          "M742 376q-100-100-231-132t-255 10q96-12 211 37t213 147l-244 244q-98-98-147-213t-37-211q-42 124-10 255t132 231l-122 122q-126-126-126-305t126-305q0-2 2-2 140-140 336-124 162 12 274 124zM558 622l62-62 274 276-62 60z"
        ],
        "attrs": [],
        "isMulticolor": false,
        "isMulticolor2": false,
        "tags": [
          "beach_access"
        ],
        "grid": 24
      },
      "attrs": [],
      "properties": {
        "ligatures": "beach_access",
        "id": 1127,
        "order": 40,
        "prevSize": 24,
        "name": "beach_access"
      },
      "setIdx": 0,
      "setId": 5,
      "iconIdx": 1127
    },
    {
      "icon": {
        "paths": [
          "M598 234q0-44 31-75t75-31 75 31 31 75-31 76-75 32-75-32-31-76zM370 512q-24 0-50-16-8-6-32-16l138-138-42-44q-64-64-170-64v-106q82 0 134 19t100 67l274 272q-12 8-18 10-26 16-50 16-22 0-48-16-44-26-94-26t-94 26q-26 16-48 16zM938 704q-46 0-92-28-22-14-50-14-26 0-48 14-46 28-94 28-46 0-92-28-22-14-50-14-26 0-48 14-46 28-94 28-46 0-92-28-22-14-50-14-26 0-48 14-46 28-94 28v-86q26 0 48-14 46-28 94-28 46 0 92 28 22 14 50 14 26 0 48-14 46-28 94-28 46 0 92 28 22 14 50 14 26 0 48-14 46-28 94-28 46 0 92 28 22 14 50 14v86zM938 896q-46 0-92-28-22-14-50-14-26 0-48 14-46 28-94 28-46 0-92-28-22-14-50-14-26 0-48 14-46 28-94 28t-94-28q-22-14-48-14-28 0-50 14-46 28-92 28v-86q26 0 48-14 46-28 94-28 46 0 92 28 22 14 50 14 26 0 48-14 46-28 94-28t94 28q22 14 48 14 28 0 50-14 46-28 92-28 48 0 94 28 22 14 48 14v86z"
        ],
        "attrs": [],
        "isMulticolor": false,
        "isMulticolor2": false,
        "tags": [
          "pool"
        ],
        "grid": 24
      },
      "attrs": [],
      "properties": {
        "ligatures": "pool",
        "id": 1136,
        "order": 39,
        "prevSize": 24,
        "name": "pool"
      },
      "setIdx": 0,
      "setId": 5,
      "iconIdx": 1136
    },
    {
      "icon": {
        "paths": [
          "M726 680l-126-126h126v126zM618 372q-58 0-100-43t-42-101 42-100 100-42v64q-34 0-56 21t-22 53q0 34 23 60t55 26h66q60 0 104 39t44 95v68h-64v-54q0-40-25-63t-59-23h-66zM804 208q60 28 97 86t37 130v88h-64v-88q0-72-49-123t-121-51v-64q32 0 55-23t23-57h64q0 60-42 102zM768 554h64v128h-64v-128zM874 554h64v128h-64v-128zM86 256l52-54 726 726-54 54-298-300h-426v-128h298z"
        ],
        "attrs": [],
        "isMulticolor": false,
        "isMulticolor2": false,
        "tags": [
          "smoke_free"
        ],
        "grid": 24
      },
      "attrs": [],
      "properties": {
        "ligatures": "smoke_free",
        "id": 1138,
        "order": 38,
        "prevSize": 24,
        "name": "smoke_free"
      },
      "setIdx": 0,
      "setId": 5,
      "iconIdx": 1138
    },
    {
      "icon": {
        "paths": [
          "M682 170q0-34 25-59t61-25 61 25 25 59q0 36-25 61t-61 25-61-25-25-61zM854 938v-256h106l-108-324q-10-28-32-44t-50-16h-4q-28 0-50 16t-32 44l-36 110q34 18 56 53t22 77v340h128zM534 490q26 0 45-18t19-46q0-26-19-45t-45-19q-28 0-46 19t-18 45q0 28 18 46t46 18zM234 256q36 0 61-25t25-61q0-34-25-59t-61-25q-34 0-59 25t-25 59q0 36 25 61t59 25zM320 938v-298h64v-256q0-36-25-61t-61-25h-128q-34 0-59 25t-25 61v256h64v298h170zM598 938v-170h42v-170q0-26-19-45t-45-19h-86q-26 0-45 19t-19 45v170h44v170h128z"
        ],
        "attrs": [],
        "isMulticolor": false,
        "isMulticolor2": false,
        "tags": [
          "family_restroom"
        ],
        "grid": 24
      },
      "attrs": [],
      "properties": {
        "ligatures": "family_restroom",
        "id": 1222,
        "order": 44,
        "prevSize": 24,
        "name": "family_restroom"
      },
      "setIdx": 0,
      "setId": 5,
      "iconIdx": 1222
    },
    {
      "icon": {
        "paths": [
          "M512 950.857c-9.143 0-18.286-3.429-25.143-10.286l-356.571-344c-4.571-4-130.286-118.857-130.286-256 0-167.429 102.286-267.429 273.143-267.429 100 0 193.714 78.857 238.857 123.429 45.143-44.571 138.857-123.429 238.857-123.429 170.857 0 273.143 100 273.143 267.429 0 137.143-125.714 252-130.857 257.143l-356 342.857c-6.857 6.857-16 10.286-25.143 10.286z"
        ],
        "width": 1024,
        "attrs": [],
        "isMulticolor": false,
        "isMulticolor2": false,
        "tags": [
          "heart"
        ],
        "defaultCode": 61444,
        "grid": 14
      },
      "attrs": [],
      "properties": {
        "name": "heart",
        "id": 8,
        "order": 30,
        "prevSize": 28
      },
      "setIdx": 1,
      "setId": 4,
      "iconIdx": 8
    },
    {
      "icon": {
        "paths": [
          "M950.857 369.714c0 10.286-7.429 20-14.857 27.429l-207.429 202.286 49.143 285.714c0.571 4 0.571 7.429 0.571 11.429 0 14.857-6.857 28.571-23.429 28.571-8 0-16-2.857-22.857-6.857l-256.571-134.857-256.571 134.857c-7.429 4-14.857 6.857-22.857 6.857-16.571 0-24-13.714-24-28.571 0-4 0.571-7.429 1.143-11.429l49.143-285.714-208-202.286c-6.857-7.429-14.286-17.143-14.286-27.429 0-17.143 17.714-24 32-26.286l286.857-41.714 128.571-260c5.143-10.857 14.857-23.429 28-23.429s22.857 12.571 28 23.429l128.571 260 286.857 41.714c13.714 2.286 32 9.143 32 26.286z"
        ],
        "width": 950.8571428571428,
        "attrs": [],
        "isMulticolor": false,
        "isMulticolor2": false,
        "tags": [
          "star"
        ],
        "defaultCode": 61445,
        "grid": 14
      },
      "attrs": [],
      "properties": {
        "name": "star",
        "id": 9,
        "order": 19,
        "prevSize": 28
      },
      "setIdx": 1,
      "setId": 4,
      "iconIdx": 9
    },
    {
      "icon": {
        "paths": [
          "M665.143 73.143c8.571 0 17.143 1.714 25.143 5.143 25.143 9.714 41.143 33.143 41.143 58.857v736.571c0 25.714-16 49.143-41.143 58.857-8 3.429-16.571 4.571-25.143 4.571-17.714 0-34.286-6.286-47.429-18.286l-252-242.286-252 242.286c-13.143 12-29.714 18.857-47.429 18.857-8.571 0-17.143-1.714-25.143-5.143-25.143-9.714-41.143-33.143-41.143-58.857v-736.571c0-25.714 16-49.143 41.143-58.857 8-3.429 16.571-5.143 25.143-5.143h598.857z"
        ],
        "width": 731.4285714285713,
        "attrs": [],
        "isMulticolor": false,
        "isMulticolor2": false,
        "tags": [
          "bookmark"
        ],
        "defaultCode": 61486,
        "grid": 14
      },
      "attrs": [],
      "properties": {
        "name": "bookmark",
        "id": 47,
        "order": 25,
        "prevSize": 28
      },
      "setIdx": 1,
      "setId": 4,
      "iconIdx": 47
    },
    {
      "icon": {
        "paths": [
          "M786.286 91.429c36.571 36.571 0 128-54.857 182.857l-92 92 91.429 397.714c1.714 6.857-1.143 14.286-6.857 18.857l-73.143 54.857c-2.857 2.286-6.857 3.429-10.857 3.429-1.143 0-2.286 0-4-0.571-5.143-1.143-9.714-4-12-9.143l-159.429-290.286-148 148 30.286 110.857c1.714 6.286 0 12.571-4.571 17.714l-54.857 54.857c-3.429 3.429-8.571 5.143-13.143 5.143h-1.143c-5.714-0.571-10.286-2.857-13.714-7.429l-108-144-144-108c-4.571-2.857-6.857-8-7.429-13.143s1.714-10.286 5.143-14.286l54.857-55.429c3.429-3.429 8.571-5.143 13.143-5.143 1.714 0 3.429 0 4.571 0.571l110.857 30.286 148-148-290.286-159.429c-5.143-2.857-8.571-8-9.714-13.714-0.571-5.143 1.143-11.429 5.143-15.429l73.143-73.143c4.571-4 11.429-6.286 17.143-4.571l380 90.857 91.429-91.429c54.857-54.857 146.286-91.429 182.857-54.857z"
        ],
        "width": 822.272,
        "attrs": [],
        "isMulticolor": false,
        "isMulticolor2": false,
        "tags": [
          "plane"
        ],
        "defaultCode": 61554,
        "grid": 14
      },
      "attrs": [],
      "properties": {
        "name": "plane",
        "id": 108,
        "order": 20,
        "prevSize": 28
      },
      "setIdx": 1,
      "setId": 4,
      "iconIdx": 108
    },
    {
      "icon": {
        "paths": [
          "M804.571 438.857c0 161.714-180 292.571-402.286 292.571-34.857 0-68.571-3.429-100.571-9.143-47.429 33.714-101.143 58.286-158.857 73.143-15.429 4-32 6.857-49.143 9.143h-1.714c-8.571 0-16.571-6.857-18.286-16.571v0c-2.286-10.857 5.143-17.714 11.429-25.143 22.286-25.143 47.429-47.429 66.857-94.857-92.571-53.714-152-136.571-152-229.143 0-161.714 180-292.571 402.286-292.571s402.286 130.857 402.286 292.571zM1024 585.143c0 93.143-59.429 175.429-152 229.143 19.429 47.429 44.571 69.714 66.857 94.857 6.286 7.429 13.714 14.286 11.429 25.143v0c-2.286 10.286-10.857 17.714-20 16.571-17.143-2.286-33.714-5.143-49.143-9.143-57.714-14.857-111.429-39.429-158.857-73.143-32 5.714-65.714 9.143-100.571 9.143-103.429 0-198.286-28.571-269.714-75.429 16.571 1.143 33.714 2.286 50.286 2.286 122.857 0 238.857-35.429 327.429-99.429 95.429-69.714 148-164 148-266.286 0-29.714-4.571-58.857-13.143-86.857 96.571 53.143 159.429 137.714 159.429 233.143z"
        ],
        "width": 1024,
        "attrs": [],
        "isMulticolor": false,
        "isMulticolor2": false,
        "tags": [
          "comments"
        ],
        "defaultCode": 61574,
        "grid": 14
      },
      "attrs": [],
      "properties": {
        "name": "comments",
        "id": 127,
        "order": 28,
        "prevSize": 28
      },
      "setIdx": 1,
      "setId": 4,
      "iconIdx": 127
    },
    {
      "icon": {
        "paths": [
          "M438.857 73.143c242.286 0 438.857 196.571 438.857 438.857s-196.571 438.857-438.857 438.857-438.857-196.571-438.857-438.857 196.571-438.857 438.857-438.857zM595.429 370.857c-4.571 3.429-7.429 9.714-13.143 10.857 2.857-0.571 5.714-10.857 7.429-13.143 3.429-4 8-6.286 12.571-8.571 9.714-4 19.429-5.143 29.714-6.857 9.714-2.286 21.714-2.286 29.143 6.286-1.714-1.714 12-13.714 13.714-14.286 5.143-2.857 13.714-1.714 17.143-6.857 1.143-1.714 1.143-12.571 1.143-12.571-9.714 1.143-13.143-8-13.714-16 0 0.571-1.143 2.286-3.429 4.571 0.571-8.571-10.286-2.286-14.286-3.429-13.143-3.429-11.429-12.571-15.429-22.286-2.286-5.143-8.571-6.857-10.857-12-2.286-3.429-3.429-10.857-8.571-11.429-3.429-0.571-9.714 12-10.857 11.429-5.143-2.857-7.429 1.143-11.429 3.429-3.429 2.286-6.286 1.143-9.714 2.857 10.286-3.429-4.571-9.143-9.714-8 8-2.286 4-10.857-0.571-14.857h2.857c-1.143-5.143-17.143-9.714-22.286-13.143s-32.571-9.143-38.286-5.714c-6.857 4 1.714 15.429 1.714 21.143 0.571 6.857-6.857 8.571-6.857 14.286 0 9.714 18.286 8 13.714 21.143-2.857 8-13.714 9.714-18.286 16-4.571 5.714 0.571 16 5.143 20 4.571 3.429-8 9.143-9.714 10.286-9.714 4.571-17.143-9.714-19.429-18.286-1.714-6.286-2.286-13.714-9.143-17.143-3.429-1.143-14.286-2.857-16.571 0.571-3.429-8.571-15.429-12-23.429-14.857-11.429-4-21.143-4-33.143-2.286 4-0.571-1.143-18.286-10.857-15.429 2.857-5.714 1.714-12 2.857-17.714 1.143-4.571 3.429-9.143 6.857-13.143 1.143-2.286 13.714-15.429 9.714-16 9.714 1.143 20.571 1.714 28.571-6.286 5.143-5.143 7.429-13.714 12.571-19.429 7.429-8.571 16.571 2.286 24.571 2.857 11.429 0.571 10.857-12 4.571-17.714 7.429 0.571 1.143-13.143-2.857-14.857-5.143-1.714-24.571 3.429-14.286 7.429-2.286-1.143-16 27.429-24 13.143-2.286-2.857-3.429-14.857-8.571-15.429-4.571 0-7.429 5.143-9.143 8.571 2.857-7.429-16-12.571-20-13.143 8.571-5.714 1.714-12-4.571-15.429-4.571-2.857-18.857-5.143-22.857-0.571-10.857 13.143 11.429 14.857 17.143 18.286 1.714 1.143 8.571 5.143 4.571 8-3.429 1.714-13.714 4.571-14.857 6.857-3.429 5.143 4 10.857-1.143 16-5.143-5.143-5.143-13.714-9.143-19.429 5.143 6.286-20.571 2.857-20 2.857-8.571 0-22.286 5.714-28.571-2.857-1.143-2.286-1.143-15.429 2.286-12.571-5.143-4-8.571-8-12-10.286-18.857 6.286-36.571 14.286-53.714 23.429 2.286 0.571 4 0.571 6.857-0.571 4.571-1.714 8.571-4.571 13.143-6.857 5.714-2.286 17.714-9.143 24-4 0.571-1.143 2.286-2.286 2.857-2.857 4 4.571 8 9.143 11.429 14.286-4.571-2.286-12-1.143-17.143-0.571-4 1.143-10.857 2.286-12.571 6.857 1.714 2.857 4 7.429 2.857 10.286-7.429-5.143-13.143-13.714-23.429-14.857-4.571 0-9.143 0-12.571 0.571-54.857 30.286-101.143 74.286-134.286 126.857 2.286 2.286 4.571 4 6.857 4.571 5.714 1.714 0 18.286 10.857 9.714 3.429 2.857 4 6.857 1.714 10.857 0.571-0.571 23.429 14.286 25.143 15.429 4 3.429 10.286 7.429 12 12 1.143 4-2.286 8.571-5.714 10.286-0.571-1.143-9.143-9.714-10.286-7.429-1.714 2.857 0 18.286 6.286 17.714-9.143 0.571-5.143 36-7.429 42.857 0 0.571 1.143 0.571 1.143 0.571-1.714 6.857 4 33.714 15.429 30.857-7.429 1.714 13.143 28 16 29.714 7.429 5.143 16 8.571 21.143 16 5.714 8 5.714 20 13.714 26.286-2.286 6.857 12 14.857 11.429 24.571-1.143 0.571-1.714 0.571-2.857 1.143 2.857 8 13.714 8 17.714 15.429 2.286 4.571 0 15.429 7.429 13.143 1.143-12.571-7.429-25.143-13.714-35.429-3.429-5.714-6.857-10.857-9.714-16.571-2.857-5.143-3.429-11.429-5.714-17.143 2.286 0.571 14.857 5.143 13.714 6.857-4.571 11.429 18.286 31.429 24.571 38.857 1.714 1.714 14.857 18.857 8 18.857 7.429 0 17.714 11.429 21.143 17.143 5.143 8.571 4 19.429 7.429 28.571 3.429 11.429 19.429 16.571 28.571 21.714 8 4 14.857 9.714 22.857 12.571 12 4.571 14.857 0.571 25.143-1.143 14.857-2.286 16.571 14.286 28.571 20.571 7.429 4 23.429 9.714 31.429 6.286-3.429 1.143 12 24.571 13.143 26.286 5.143 6.857 14.857 10.286 20.571 17.143 1.714-1.143 3.429-2.857 4-5.143-2.286 6.286 8.571 18.286 14.286 17.143 6.286-1.143 8-13.714 8-18.286-11.429 5.714-21.714 1.143-28-10.286-1.143-2.857-10.286-18.857-2.286-18.857 10.857 0 3.429-8.571 2.286-16.571s-9.143-13.143-13.143-20c-3.429 6.857-14.857 5.143-18.286-0.571 0 1.714-1.714 4.571-1.714 6.857-2.857 0-5.714 0.571-8.571-0.571 1.143-6.857 1.714-15.429 3.429-22.857 2.857-10.286 21.714-30.286-2.857-29.143-8.571 0.571-12 4-14.857 11.429-2.857 6.857-1.714 13.143-9.714 16.571-5.143 2.286-22.286 1.143-27.429-1.714-10.857-6.286-18.286-26.286-18.286-37.714-0.571-15.429 7.429-29.143 0-43.429 3.429-2.857 6.857-8.571 10.857-11.429 3.429-2.286 7.429 1.714 9.143-5.143-1.714-1.143-4-3.429-4.571-3.429 8.571 4 24.571-5.714 32 0 4.571 3.429 9.714 4.571 12.571-1.143 0.571-1.714-4-8.571-1.714-13.143 1.714 9.714 8 11.429 16.571 5.143 3.429 3.429 12.571 2.286 18.857 5.714 6.286 4 7.429 10.286 14.857 1.714 4.571 6.857 5.143 6.857 6.857 13.714 1.714 6.286 5.143 22.286 10.857 25.143 12 7.429 9.143-12.571 8-19.429-0.571-0.571-0.571-19.429-1.143-19.429-18.286-4-11.429-18.286-1.143-28 1.714-1.143 14.857-5.714 20.571-10.286 5.143-4.571 11.429-12.571 8.571-20 2.857 0 5.143-2.286 6.286-5.143-1.714-0.571-8.571-6.286-9.714-5.714 4-2.286 3.429-5.714 1.143-9.143 5.714-3.429 2.857-9.714 8.571-12 6.286 8.571 18.857-1.143 12.571-8 5.714-8 18.857-4 22.286-11.429 8.571 2.286 2.286-8.571 6.857-14.857 4-5.143 10.857-5.143 16-8 0 0.571 14.286-8 9.714-8.571 9.714 1.143 29.143-9.143 14.286-17.714 2.286-5.143-5.143-7.429-10.286-8.571 4-1.143 9.143 1.143 12.571-1.143 7.429-5.143 2.286-7.429-4-9.143-8-2.286-18.286 2.857-24.571 6.857zM502.286 872c78.286-13.714 148-52.571 200.571-108-3.429-3.429-9.714-2.286-14.286-4.571-4.571-1.714-8-3.429-13.714-4.571 1.143-11.429-11.429-15.429-19.429-21.143-7.429-5.714-12-12-22.857-9.714-1.143 0.571-12.571 4.571-10.286 6.857-7.429-6.286-10.857-9.714-20.571-12.571-9.143-2.857-15.429-14.286-24.571-4-4.571 4.571-2.286 11.429-4.571 16-7.429-6.286 6.857-13.714 1.143-20.571-6.857-8-18.857 5.143-24.571 8.571-3.429 2.857-7.429 4-9.714 7.429-2.857 4-4 9.143-6.286 13.143-1.714-4.571-11.429-3.429-12-6.857 2.286 13.714 2.286 28 5.143 41.714 1.714 8 0 21.143-6.857 27.429s-15.429 13.143-16.571 22.857c-1.143 6.857 0.571 13.143 6.857 14.857 0.571 8.571-9.143 14.857-8.571 24 0 0.571 0.571 6.286 1.143 9.143z"
        ],
        "width": 877.7142857142857,
        "attrs": [],
        "isMulticolor": false,
        "isMulticolor2": false,
        "tags": [
          "globe"
        ],
        "defaultCode": 61612,
        "grid": 14
      },
      "attrs": [],
      "properties": {
        "name": "globe",
        "id": 163,
        "order": 45,
        "prevSize": 28
      },
      "setIdx": 1,
      "setId": 4,
      "iconIdx": 163
    },
    {
      "icon": {
        "paths": [
          "M950.857 365.714c0-60.571-49.143-109.714-109.714-109.714h-36.571v219.429h36.571c60.571 0 109.714-49.143 109.714-109.714zM0 804.571h1024c0 80.571-65.714 146.286-146.286 146.286h-731.429c-80.571 0-146.286-65.714-146.286-146.286zM1060.571 365.714c0 121.143-98.286 219.429-219.429 219.429h-36.571v18.286c0 70.286-57.714 128-128 128h-402.286c-70.286 0-128-57.714-128-128v-420.571c0-20 16.571-36.571 36.571-36.571h658.286c121.143 0 219.429 98.286 219.429 219.429z"
        ],
        "width": 1060.5714285714284,
        "attrs": [],
        "isMulticolor": false,
        "isMulticolor2": false,
        "tags": [
          "coffee"
        ],
        "defaultCode": 61684,
        "grid": 14
      },
      "attrs": [],
      "properties": {
        "name": "coffee",
        "id": 218,
        "order": 37,
        "prevSize": 28
      },
      "setIdx": 1,
      "setId": 4,
      "iconIdx": 218
    },
    {
      "icon": {
        "paths": [
          "M340 548.571c0 4.571-2.286 9.714-5.714 13.143l-266.286 266.286c-3.429 3.429-8.571 5.714-13.143 5.714s-9.714-2.286-13.143-5.714l-28.571-28.571c-3.429-3.429-5.714-8-5.714-13.143 0-4.571 2.286-9.714 5.714-13.143l224.571-224.571-224.571-224.571c-3.429-3.429-5.714-8.571-5.714-13.143s2.286-9.714 5.714-13.143l28.571-28.571c3.429-3.429 8.571-5.714 13.143-5.714s9.714 2.286 13.143 5.714l266.286 266.286c3.429 3.429 5.714 8.571 5.714 13.143z"
        ],
        "width": 347.4285714285714,
        "attrs": [],
        "isMulticolor": false,
        "isMulticolor2": false,
        "tags": [
          "angle-right"
        ],
        "defaultCode": 61701,
        "grid": 14
      },
      "attrs": [],
      "properties": {
        "name": "angle-right",
        "id": 234,
        "order": 27,
        "prevSize": 28
      },
      "setIdx": 1,
      "setId": 4,
      "iconIdx": 234
    },
    {
      "icon": {
        "paths": [
          "M445.714 269.714c0 64-33.143 140-106.857 140-92.571 0-148.571-116.571-148.571-196.571 0-64 33.143-140 106.857-140 93.143 0 148.571 116.571 148.571 196.571zM250.286 545.714c0 55.429-29.143 113.143-92 113.143-91.429 0-158.286-112-158.286-194.857 0-55.429 29.714-113.714 92-113.714 91.429 0 158.286 112.571 158.286 195.429zM475.429 530.286c140 0 329.143 201.714 329.143 336.571 0 72.571-59.429 84-117.714 84-76.571 0-138.286-51.429-211.429-51.429-76.571 0-141.714 50.857-224.571 50.857-55.429 0-104.571-18.857-104.571-83.429 0-135.429 189.143-336.571 329.143-336.571zM612 409.714c-73.714 0-106.857-76-106.857-140 0-80 55.429-196.571 148.571-196.571 73.714 0 106.857 76 106.857 140 0 80-56 196.571-148.571 196.571zM858.857 350.286c62.286 0 92 58.286 92 113.714 0 82.857-66.857 194.857-158.286 194.857-62.857 0-92-57.714-92-113.143 0-82.857 66.857-195.429 158.286-195.429z"
        ],
        "width": 950.8571428571428,
        "attrs": [],
        "isMulticolor": false,
        "isMulticolor2": false,
        "tags": [
          "paw"
        ],
        "defaultCode": 61872,
        "grid": 14
      },
      "attrs": [],
      "properties": {
        "name": "paw",
        "id": 391,
        "order": 41,
        "prevSize": 28
      },
      "setIdx": 1,
      "setId": 4,
      "iconIdx": 391
    },
    {
      "icon": {
        "paths": [
          "M950.857 621.714v109.714c0 65.143-28.571 122.857-73.143 163.429v110.857c0 10.286-8 18.286-18.286 18.286h-36.571c-10.286 0-18.286-8-18.286-18.286v-67.429c-22.857 8-47.429 12.571-73.143 12.571h-438.857c-25.714 0-50.286-4.571-73.143-12.571v62.857c0 12.571-8 22.857-18.286 22.857h-36.571c-10.286 0-18.286-10.286-18.286-22.857v-106.286c-44.571-40.571-73.143-98.286-73.143-163.429v-109.714h877.714zM402.286 384c0 10.286-8 18.286-18.286 18.286s-18.286-8-18.286-18.286 8-18.286 18.286-18.286 18.286 8 18.286 18.286zM438.857 347.429c0 10.286-8 18.286-18.286 18.286s-18.286-8-18.286-18.286 8-18.286 18.286-18.286 18.286 8 18.286 18.286zM402.286 310.857c0 10.286-8 18.286-18.286 18.286s-18.286-8-18.286-18.286 8-18.286 18.286-18.286 18.286 8 18.286 18.286zM475.429 310.857c0 10.286-8 18.286-18.286 18.286s-18.286-8-18.286-18.286 8-18.286 18.286-18.286 18.286 8 18.286 18.286zM438.857 274.286c0 10.286-8 18.286-18.286 18.286s-18.286-8-18.286-18.286 8-18.286 18.286-18.286 18.286 8 18.286 18.286zM402.286 237.714c0 10.286-8 18.286-18.286 18.286s-18.286-8-18.286-18.286 8-18.286 18.286-18.286 18.286 8 18.286 18.286zM1024 530.286v36.571c0 10.286-8 18.286-18.286 18.286h-987.429c-10.286 0-18.286-8-18.286-18.286v-36.571c0-10.286 8-18.286 18.286-18.286h54.857v-365.714c0-80.571 65.714-146.286 146.286-146.286 41.143 0 78.286 17.143 105.143 44.571 35.429-14.286 77.714-9.143 109.143 15.429l12.571-12.571c3.429-3.429 9.143-3.429 12.571 0l24 24c3.429 3.429 3.429 9.143 0 12.571l-179.429 179.429c-3.429 3.429-9.143 3.429-12.571 0l-24-24c-3.429-3.429-3.429-9.143 0-12.571l12.571-12.571c-27.429-34.857-30.857-82.857-9.714-121.143-13.143-12.571-30.857-20-50.286-20-40.571 0-73.143 32.571-73.143 73.143v365.714h859.429c10.286 0 18.286 8 18.286 18.286zM512 274.286c0 10.286-8 18.286-18.286 18.286s-18.286-8-18.286-18.286 8-18.286 18.286-18.286 18.286 8 18.286 18.286zM475.429 237.714c0 10.286-8 18.286-18.286 18.286s-18.286-8-18.286-18.286 8-18.286 18.286-18.286 18.286 8 18.286 18.286zM438.857 201.143c0 10.286-8 18.286-18.286 18.286s-18.286-8-18.286-18.286 8-18.286 18.286-18.286 18.286 8 18.286 18.286zM548.571 237.714c0 10.286-8 18.286-18.286 18.286s-18.286-8-18.286-18.286 8-18.286 18.286-18.286 18.286 8 18.286 18.286zM512 201.143c0 10.286-8 18.286-18.286 18.286s-18.286-8-18.286-18.286 8-18.286 18.286-18.286 18.286 8 18.286 18.286zM475.429 164.571c0 10.286-8 18.286-18.286 18.286s-18.286-8-18.286-18.286 8-18.286 18.286-18.286 18.286 8 18.286 18.286zM585.143 201.143c0 10.286-8 18.286-18.286 18.286s-18.286-8-18.286-18.286 8-18.286 18.286-18.286 18.286 8 18.286 18.286zM548.571 164.571c0 10.286-8 18.286-18.286 18.286s-18.286-8-18.286-18.286 8-18.286 18.286-18.286 18.286 8 18.286 18.286zM621.714 164.571c0 10.286-8 18.286-18.286 18.286s-18.286-8-18.286-18.286 8-18.286 18.286-18.286 18.286 8 18.286 18.286z"
        ],
        "width": 1024,
        "attrs": [],
        "isMulticolor": false,
        "isMulticolor2": false,
        "tags": [
          "bath",
          "bathtub",
          "s15"
        ],
        "defaultCode": 62157,
        "grid": 14
      },
      "attrs": [],
      "properties": {
        "name": "bath, bathtub, s15",
        "id": 657,
        "order": 34,
        "prevSize": 28
      },
      "setIdx": 1,
      "setId": 4,
      "iconIdx": 657
    },
    {
      "icon": {
        "paths": [
          "M894.857 638.286l-95.429 18.857 106.286 61.143c17.143 9.714 23.429 32.571 13.143 49.714s-32.571 23.429-49.714 13.143l-106.286-60.571 31.429 91.429c16 45.714-53.714 69.143-69.143 24l-58.286-171.429-154.857-89.143v178.857l118.857 136c32 36-23.429 84.571-54.857 48l-64-73.143v122.286c0 20-16.571 36.571-36.571 36.571s-36.571-16.571-36.571-36.571v-122.286l-64 73.143c-31.429 36.571-86.857-12-54.857-48l118.857-136v-178.857l-154.857 89.143-58.286 171.429c-15.429 45.143-85.143 21.714-69.143-24l31.429-91.429-106.286 60.571c-17.143 10.286-39.429 4-49.714-13.143s-4-40 13.143-49.714l106.286-61.143-95.429-18.857c-47.429-9.714-33.143-81.143 14.286-72l177.143 35.429 154.857-89.714-154.857-89.714-177.143 35.429c-2.286 0.571-5.143 0.571-7.429 0.571-43.429 0-49.714-64-6.857-72.571l95.429-18.857-106.286-61.143c-17.143-9.714-23.429-32.571-13.143-49.714 10.286-17.714 32.571-23.429 49.714-13.143l106.286 60.571-31.429-91.429c-16-45.714 53.714-69.143 69.143-24l58.286 171.429 154.857 89.143v-178.857l-118.857-136c-32-36 23.429-84.571 54.857-48l64 73.143v-122.286c0-20 16.571-36.571 36.571-36.571s36.571 16.571 36.571 36.571v122.286l64-73.143c31.429-36.571 86.857 12 54.857 48l-118.857 136v178.857l154.857-89.143 58.286-171.429c15.429-45.143 85.143-21.714 69.143 24l-31.429 91.429 106.286-60.571c17.143-10.286 39.429-4 49.714 13.143s4 40-13.143 49.714l-106.286 61.143 95.429 18.857c42.857 8.571 36.571 72.571-6.857 72.571-2.286 0-5.143 0-7.429-0.571l-177.143-35.429-154.857 89.714 154.857 89.714 177.143-35.429c47.429-9.143 61.714 62.286 14.286 72z"
        ],
        "width": 950.8571428571428,
        "attrs": [],
        "isMulticolor": false,
        "isMulticolor2": false,
        "tags": [
          "snowflake-o"
        ],
        "defaultCode": 62172,
        "grid": 14
      },
      "attrs": [],
      "properties": {
        "name": "snowflake-o",
        "id": 671,
        "order": 43,
        "prevSize": 28
      },
      "setIdx": 1,
      "setId": 4,
      "iconIdx": 671
    },
    {
      "icon": {
        "paths": [
          "M1024 590.444l-512-397.426-512 397.428v-162.038l512-397.426 512 397.428zM896 576v384h-256v-256h-256v256h-256v-384l384-288z"
        ],
        "tags": [
          "home",
          "house"
        ],
        "defaultCode": 59648,
        "grid": 16,
        "attrs": []
      },
      "attrs": [],
      "properties": {
        "ligatures": "home, house",
        "name": "home",
        "order": 21,
        "id": 1,
        "prevSize": 32
      },
      "setIdx": 4,
      "setId": 1,
      "iconIdx": 0
    },
    {
      "icon": {
        "width": 1280,
        "paths": [
          "M640 576c105.87 0 201.87 43.066 271.402 112.598l-90.468 90.468c-46.354-46.356-110.356-75.066-180.934-75.066s-134.578 28.71-180.934 75.066l-90.468-90.468c69.532-69.532 165.532-112.598 271.402-112.598zM187.452 507.452c120.88-120.88 281.598-187.452 452.548-187.452s331.668 66.572 452.55 187.452l-90.51 90.508c-96.706-96.704-225.28-149.96-362.040-149.96-136.762 0-265.334 53.256-362.038 149.962l-90.51-90.51zM988.784 134.438c106.702 45.132 202.516 109.728 284.782 191.996v0l-90.508 90.508c-145.056-145.056-337.92-224.942-543.058-224.942-205.14 0-398 79.886-543.058 224.942l-90.51-90.51c82.268-82.266 178.082-146.862 284.784-191.994 110.504-46.738 227.852-70.438 348.784-70.438s238.278 23.7 348.784 70.438zM576 896c0-35.346 28.654-64 64-64s64 28.654 64 64c0 35.346-28.654 64-64 64s-64-28.654-64-64z"
        ],
        "tags": [
          "connection",
          "wifi",
          "wave"
        ],
        "defaultCode": 59675,
        "grid": 16,
        "attrs": []
      },
      "attrs": [],
      "properties": {
        "ligatures": "connection, wifi",
        "name": "connection",
        "order": 29,
        "id": 28,
        "prevSize": 32
      },
      "setIdx": 4,
      "setId": 1,
      "iconIdx": 27
    },
    {
      "icon": {
        "paths": [
          "M512 0c-176.732 0-320 143.268-320 320 0 320 320 704 320 704s320-384 320-704c0-176.732-143.27-320-320-320zM512 512c-106.040 0-192-85.96-192-192s85.96-192 192-192 192 85.96 192 192-85.96 192-192 192z"
        ],
        "tags": [
          "location",
          "map-marker",
          "pin"
        ],
        "defaultCode": 59719,
        "grid": 16,
        "attrs": []
      },
      "attrs": [],
      "properties": {
        "ligatures": "location, map-marker",
        "name": "location",
        "order": 24,
        "id": 72,
        "prevSize": 32
      },
      "setIdx": 4,
      "setId": 1,
      "iconIdx": 71
    },
    {
      "icon": {
        "paths": [
          "M0 192l320-128v768l-320 128z",
          "M384 32l320 192v736l-320-160z",
          "M768 224l256-192v768l-256 192z"
        ],
        "tags": [
          "map",
          "guide"
        ],
        "defaultCode": 59723,
        "grid": 16,
        "attrs": []
      },
      "attrs": [],
      "properties": {
        "ligatures": "map, guide",
        "name": "map",
        "order": 23,
        "id": 76,
        "prevSize": 32
      },
      "setIdx": 4,
      "setId": 1,
      "iconIdx": 75
    },
    {
      "icon": {
        "paths": [
          "M992.262 871.396l-242.552-206.294c-25.074-22.566-51.89-32.926-73.552-31.926 57.256-67.068 91.842-154.078 91.842-249.176 0-212.078-171.922-384-384-384-212.076 0-384 171.922-384 384s171.922 384 384 384c95.098 0 182.108-34.586 249.176-91.844-1 21.662 9.36 48.478 31.926 73.552l206.294 242.552c35.322 39.246 93.022 42.554 128.22 7.356s31.892-92.898-7.354-128.22zM384 640c-141.384 0-256-114.616-256-256s114.616-256 256-256 256 114.616 256 256-114.614 256-256 256z"
        ],
        "tags": [
          "search",
          "magnifier",
          "magnifying-glass",
          "inspect",
          "find"
        ],
        "defaultCode": 59782,
        "grid": 16,
        "attrs": []
      },
      "attrs": [],
      "properties": {
        "ligatures": "search, magnifier",
        "name": "search",
        "order": 26,
        "id": 135,
        "prevSize": 32
      },
      "setIdx": 4,
      "setId": 1,
      "iconIdx": 134
    },
    {
      "icon": {
        "paths": [
          "M1002.132 314.242l-101.106-101.104c-24.792-24.794-65.37-65.368-90.162-90.164l-101.106-101.104c-24.792-24.794-68.954-29.166-98.13-9.716l-276.438 184.292c-29.176 19.452-40.218 61.028-24.536 92.39l70.486 140.974c2.154 4.306 4.646 8.896 7.39 13.66l-356.53 356.53-32 224h192v-64h128v-128h128v-128h128v-71.186c6.396 3.812 12.534 7.216 18.192 10.044l140.97 70.488c31.366 15.682 72.94 4.638 92.39-24.538l184.294-276.44c19.454-29.172 15.078-73.33-9.714-98.126zM150.628 854.626l-45.254-45.254 311.572-311.57 45.254 45.254-311.572 311.57zM917.020 423.764l-45.256 45.256c-12.446 12.444-32.808 12.444-45.254 0l-271.53-271.53c-12.446-12.444-12.446-32.81 0-45.254l45.256-45.256c12.446-12.444 32.808-12.444 45.254 0l271.53 271.53c12.446 12.444 12.446 32.81 0 45.254z"
        ],
        "tags": [
          "key",
          "password",
          "login",
          "signin"
        ],
        "defaultCode": 59790,
        "grid": 16,
        "attrs": []
      },
      "attrs": [],
      "properties": {
        "ligatures": "key2, password2",
        "name": "key2",
        "order": 22,
        "id": 143,
        "prevSize": 32
      },
      "setIdx": 4,
      "setId": 1,
      "iconIdx": 142
    }
  ],
  "height": 1024,
  "preferences": {
    "showGlyphs": true,
    "showQuickUse": true,
    "showQuickUse2": true,
    "showSVGs": true,
    "fontPref": {
      "prefix": "icon-",
      "metadata": {
        "fontFamily": "icomoon"
      },
      "metrics": {
        "emSize": 1024,
        "baseline": 6.25,
        "whitespace": 50
      },
      "embed": false
    },
    "imagePref": {
      "prefix": "icon-",
      "png": false,
      "useClassSelector": true,
      "color": 0,
      "bgColor": 16777215,
      "classSelector": ".icon",
      "name": "icomoon",
      "height": 32,
      "columns": 16,
      "margin": 16
    },
    "historySize": 50,
    "showCodes": true,
    "gridSize": 16
  }
}